metric,value
p50_ms,154.45399284362793
p95_ms,2470.8077907562256
min_ms,0.07700920104980469
max_ms,2470.8077907562256
