msg_type,count,min,p50,p95,max,avg
3,6,26.000000,249.000000,847.000000,847.000000,337.166667
4,2,50.000000,50.000000,396.000000,396.000000,223.000000
196,2,54.000000,54.000000,60.000000,60.000000,57.000000
