spi,count,p50,p95,max,avg
4194304,1,739495406.000000,739495406.000000,739495406.000000,739495406.000000
18868758,2,1552717416.000000,1552717416.000000,1552717416.000000,1552717416.000000
126431241,1,199375983.000000,199375983.000000,199375983.000000,199375983.000000
